-- Distribuidoras
INSERT INTO DISTRIBUIDORA (NOMBRE_DSTR, CALLE, NUMERO, PAGINA, EMAIL) VALUES
('Sonar Distribuciones', 'Corrientes', '800', 'www.sonardist.com.ar', 'contacto@sonardist.com.ar'),
('Beat Records', 'Callao', '1500', 'www.beatrecords.com', 'info@beatrecords.com'),
('RetroMusic', 'Santa Fe', '120', 'www.retromusic.com', 'ventas@retromusic.com'),
('SoundWave', 'Defensa', '450', 'www.soundwave.com.ar', 'soporte@soundwave.com.ar'),
('MegaSonidos', 'Independencia', '980', 'www.megasonidos.com', 'megasonidos@correo.com'),
('MusicHouse', 'Cordoba', '1100', 'musichouse.ar', 'info@musichouse.ar'),
('VinylExpress', 'Uruguay', '330', 'vinylexpress.ar', 'contacto@vinylexpress.ar'),
('TapeZone', 'Lavalle', '140', 'tapezone.com', 'ventas@tapezone.com');

-- Albumes
INSERT INTO ALBUM (TITULO, ARTISTA, ANIO, PRODUCTORA, GENERO, DURACION, NRO_CANCIONES) VALUES
('Thriller', 'Michael Jackson', 1982, 'Epic', 'Pop', 42, 9),
('Back in Black', 'AC/DC', 1980, 'Atlantic', 'Rock', 42, 10),
('Rumours', 'Fleetwood Mac', 1977, 'Warner Bros.', 'Rock', 39, 11),
('The Dark Side of the Moon', 'Pink Floyd', 1973, 'Harvest', 'Progressive Rock', 43, 10),
('Abbey Road', 'The Beatles', 1969, 'Apple', 'Rock', 47, 17),
('Hotel California', 'Eagles', 1976, 'Asylum', 'Rock', 43, 9),
('Led Zeppelin IV', 'Led Zeppelin', 1971, 'Atlantic', 'Hard Rock', 42, 8),
('21', 'Adele', 2011, 'XL', 'Pop', 48, 11),
('Sgt. Peppers Lonely Hearts Club Band', 'The Beatles', 1967, 'Parlophone', 'Rock', 40, 13),
('Nevermind', 'Nirvana', 1991, 'DGC', 'Grunge', 49, 12),
('Born in the U.S.A.', 'Bruce Springsteen', 1984, 'Columbia', 'Rock', 46, 12),
('The Wall', 'Pink Floyd', 1979, 'Harvest', 'Progressive Rock', 81, 26),
('Purple Rain', 'Prince', 1984, 'Warner Bros.', 'Pop', 43, 9),
('1989', 'Taylor Swift', 2014, 'Big Machine', 'Pop', 48, 13),
('OK Computer', 'Radiohead', 1997, 'Parlophone', 'Alternative Rock', 53, 12),
('The Joshua Tree', 'U2', 1987, 'Island', 'Rock', 50, 11),
('Goodbye Yellow Brick Road', 'Elton John', 1973, 'MCA', 'Rock', 76, 17),
('Graceland', 'Paul Simon', 1986, 'Warner Bros.', 'Worldbeat', 39, 11),
('Tapestry', 'Carole King', 1971, 'Ode', 'Soft Rock', 43, 12),
('Never Mind the Bollocks', 'Sex Pistols', 1977, 'Virgin', 'Punk Rock', 38, 12);

-- Socios
INSERT INTO SOCIOS (NOMBRE1, NOMBRE2, APELLIDO1, APELLIDO2, DNI, EMAIL, TELEFONO, CALLE, NUMERO, COD_POSTAL) VALUES
('Maria', NULL, 'Gonzalez', 'Lopez', 48235987, 'maria.gonzalez@mail.com', '1156781234', 'Rivadavia', '3501', '1405'),
('Juan', 'Carlos', 'Fernandez', 'Perez', 32567890, 'juan.fernandez@mail.com', '1165432198', 'Talcahuano', '180', '1425'),
('Ana', NULL, 'Martinez', NULL, 90345678, 'ana.martinez@mail.com', '1176543210', 'Cordoba', '900', '1404'),
('Lucas', 'Miguel', 'Rodriguez', 'Sanchez', 28903456, NULL, '1143219876', 'Lavalle', '720', '1414'),
('Sofia', NULL, 'Dominguez', NULL, 49234567, 'sofia.dominguez@mail.com', '1198765432', 'Santa Fe', '1400', '1425'),
('Martin', 'Andres', 'Perez', 'Ramirez', 35894512, 'martin.perez@mail.com', '1167123456', 'Belgrano', '1010', '1428'),
('Lucia', NULL, 'Torres', NULL, 48123659, 'lucia.torres@mail.com', '1154321987', 'Chacabuco', '200', '1407'),
('Gabriel', 'Jose', 'Sosa', NULL, 29587412, 'gabriel.sosa@mail.com', '1176543987', 'Peru', '134', '1412'),
('Valentina', NULL, 'Mendoza', 'Gomez', 48562314, 'valentina.mendoza@mail.com', '1198765123', 'Santa Fe', '1500', '1425'),
('Diego', 'Luis', 'Vargas', NULL, 38974125, NULL, '1145632189', 'Corrientes', '120', '1405'),
('Camila', 'Noelia', 'Gomez', 'Sanchez', 42178954, 'camila.gomez@mail.com', '1167543210', 'Arenales', '850', '1414'),
('Federico', 'Alberto', 'Morales', NULL, 39587214, 'federico.morales@mail.com', '1176987456', 'Urquiza', '950', '1404'),
('Florencia', NULL, 'Rojas', NULL, 48512796, 'florencia.rojas@mail.com', '1198754321', 'Jujuy', '560', '1418'),
('Ignacio', 'Matias', 'Silva', NULL, 38965412, NULL, '1143987654', 'Tucuman', '730', '1405'),
('Santiago', 'Daniel', 'Castro', NULL, 41258796, 'santiago.castro@mail.com', '1167452310', 'Ayacucho', '430', '1428'),
('Mariana', NULL, 'Suarez', NULL, 47652130, 'mariana.suarez@mail.com', '1198765432', 'Avellaneda', '120', '1425'),
('Bruno', 'Ezequiel', 'Ramos', NULL, 42568139, NULL, '1145678923', 'San Juan', '1050', '1404'),
('Jimena', NULL, 'Herrera', NULL, 38974129, 'jimena.herrera@mail.com', '1176543210', 'Laprida', '200', '1414'),
('Agustin', 'Juan', 'Reyes', NULL, 39587142, 'agustin.reyes@mail.com', '1198765987', 'San Martin', '550', '1425'),
('Paula', NULL, 'Ortiz', NULL, 48512378, NULL, '1143987654', 'Belgran', '860', '1405'),
('Nicolas', 'Esteban', 'Molina', NULL, 47658912, 'nicolas.molina@mail.com', '1167453987', 'Alberti', '720', '1418'),
('Daniela', NULL, 'Medina', NULL, 42567123, 'daniela.medina@mail.com', '1198765210', 'La Rioja', '310', '1428'),
('Fernando', 'Raul', 'Alvarez', NULL, 38975124, NULL, '1145678901', 'Entre Rios', '490', '1404'),
('Carolina', 'Luz', 'Vega', NULL, 39587123, 'carolina.vega@mail.com', '1176543987', 'Salta', '1030', '1414'),
('Rodrigo', NULL, 'Juarez', NULL, 48512735, NULL, '1198765432', 'Corrientes', '1150', '1425'),
('Elena', 'Sofia', 'Blanco', NULL, 47651234, 'elena.blanco@mail.com', '1167453987', 'Lobos', '400', '1405'),
('Francisco', NULL, 'Dominguez', NULL, 42567321, 'francisco.dominguez@mail.com', '1198765432', 'Olivos', '610', '1428'),
('Patricia', 'Laura', 'Ramirez', NULL, 38976543, NULL, '1145678123', 'Lanus', '930', '1404'),
('Esteban', NULL, 'Herrera', NULL, 39587129, 'esteban.herrera@mail.com', '1176543210', 'Mariano', '450', '1414'),
('Lautaro', NULL, 'Acosta', NULL, 49587123, 'lautaro.acosta@mail.com', '1176549876', 'Castelli', '400', '1406');

-- Tipo
INSERT INTO TIPO (ID_TIPO, DESCRIPCION) VALUES
('VIN', 'Vinilo'),
('CAS', 'Cassette'),
('DVD', 'DVD');

-- Estado
INSERT INTO ESTADO (ID_ESTADO, DESCRIPCION) VALUES
('BUE', 'Bueno'),
('USA', 'Usado'),
('MAL', 'Malo'),
('REG', 'Regular');

-- Copias
INSERT INTO COPIAS (TIPO, ALBUM, DISTRIBUIDORA, ESTADO, OBSERVACIONES) VALUES
('VIN', 14, 6, 'BUE', NULL),
('DVD', 19, 7, 'BUE', NULL),
('CAS', 3, 7, 'MAL', 'Cinta rota'),
('DVD', 3, 3, 'BUE', NULL),
('VIN', 6, 6, 'BUE', NULL),
('CAS', 12, 8, 'BUE', NULL),
('VIN', 5, 1, 'BUE', NULL),
('VIN', 11, 7, 'BUE', NULL),
('DVD', 5, 5, 'BUE', NULL),
('CAS', 9, 5, 'USA', NULL),
('VIN', 4, 4, 'BUE', NULL),
('CAS', 20, 4, 'BUE', NULL),
('DVD', 7, 3, 'REG', 'Caja dañada'),
('CAS', 6, 2, 'BUE', NULL),
('DVD', 12, 4, 'BUE', NULL),
('VIN', 1, 1, 'BUE', NULL),
('DVD', 10, 6, 'BUE', NULL),
('CAS', 18, 6, 'BUE', NULL),
('VIN', 2, 6, 'REG', 'Un poco rayado'),
('CAS', 4, 4, 'BUE', NULL),
('DVD', 13, 1, 'BUE', NULL),
('VIN', 7, 7, 'BUE', NULL),
('DVD', 2, 2, 'BUE', NULL),
('CAS', 10, 2, 'USA', NULL),
('VIN', 17, 1, 'BUE', NULL),
('DVD', 4, 8, 'BUE', NULL),
('CAS', 7, 7, 'MAL', 'Cinta rota'),
('DVD', 16, 4, 'BUE', NULL),
('CAS', 1, 1, 'BUE', NULL),
('VIN', 20, 8, 'BUE', NULL),
('CAS', 13, 5, 'REG', 'Cinta vieja'),
('VIN', 19, 3, 'BUE', NULL),
('DVD', 1, 5, 'BUE', NULL),
('CAS', 2, 2, 'USA', 'Cinta con ruido'),
('VIN', 3, 3, 'BUE', NULL),
('DVD', 8, 8, 'BUE', NULL),
('VIN', 8, 4, 'BUE', NULL),
('CAS', 15, 3, 'USA', 'Cinta con ruido'),
('DVD', 6, 6, 'BUE', NULL),
('VIN', 10, 6, 'BUE', NULL),
('CAS', 11, 3, 'USA', NULL),
('DVD', 11, 3, 'BUE', NULL),
('VIN', 18, 2, 'USA', NULL),
('CAS', 14, 6, 'BUE', NULL),
('DVD', 9, 1, 'BUE', NULL),
('VIN', 16, 8, 'BUE', NULL),
('CAS', 5, 5, 'REG', 'Un poco rayado'),
('DVD', 14, 2, 'BUE', NULL),
('VIN', 9, 1, 'BUE', NULL);

-- Prestamos
INSERT INTO PRESTAMO (ID_SOCIO, ID_COPIA, FECHA_PRESTAMO, FECHA_DEVOLUCION, FECHA_TOPE, PRECIO, OBSERVACIONES) VALUES
(12, 8, '2025-06-03', '2025-06-10', '2025-06-12', 1500, NULL),
(5, 15, '2025-06-05', NULL, '2025-06-18', 1700, NULL),
(19, 27, '2025-06-06', '2025-06-14', '2025-06-16', 1600, NULL),
(7, 3, '2025-06-07', '2025-06-20', '2025-06-18', 1800, NULL),
(25, 42, '2025-06-08', NULL, '2025-06-19', 1500, NULL),
(14, 11, '2025-06-10', '2025-06-15', '2025-06-17', 1900, NULL),
(3, 20, '2025-06-11', '2025-06-25', '2025-06-22', 1500, NULL),
(21, 30, '2025-06-12', NULL, '2025-06-23', 1600, NULL),
(1, 5, '2025-06-14', '2025-06-19', '2025-06-21', 1700, NULL),
(8, 18, '2025-06-15', NULL, '2025-06-26', 1500, NULL),
(17, 37, '2025-06-16', '2025-06-24', '2025-06-25', 1600, NULL),
(10, 2, '2025-06-17', '2025-06-30', '2025-06-27', 1800, NULL),
(28, 45, '2025-06-19', '2025-06-27', '2025-06-29', 1500, NULL),
(2, 16, '2025-06-20', NULL, '2025-07-01', 1900, NULL),
(23, 41, '2025-06-21', '2025-06-29', '2025-06-30', 1600, NULL),
(9, 6, '2025-06-22', NULL, '2025-07-03', 1400, NULL),
(29, 12, '2025-06-23', '2025-07-05', '2025-07-04', 1800, NULL),
(6, 33, '2025-06-25', NULL, '2025-07-06', 1700, NULL),
(16, 22, '2025-06-26', '2025-07-03', '2025-07-01', 1500, NULL),
(4, 9, '2025-06-27', NULL, '2025-07-08', 1400, NULL),
(18, 28, '2025-06-28', '2025-07-06', '2025-07-07', 1900, NULL),
(27, 14, '2025-06-30', NULL, '2025-07-10', 1700, NULL),
(13, 39, '2025-07-01', '2025-07-11', '2025-07-09', 1600, NULL),
(24, 1, '2025-07-02', NULL, '2025-07-12', 1500, NULL),
(11, 19, '2025-07-04', '2025-07-14', '2025-07-13', 1800, NULL),
(26, 24, '2025-07-05', NULL, '2025-07-15', 1700, NULL),
(20, 34, '2025-07-06', '2025-07-12', '2025-07-10', 1500, NULL),
(22, 44, '2025-07-07', NULL, '2025-07-17', 1600, NULL),
(15, 29, '2025-07-08', '2025-07-16', '2025-07-18', 1400, NULL),
(8, 19, '2025-07-09', NULL, '2025-07-19', 1500, NULL),
(5, 15, '2025-07-11', '2025-07-20', '2025-07-21', 1700, NULL);
